{"VRoidStudioVersion":"1.22.1","print_textures":["00#GLB.png","06#GLB.png","11#GLB.png","16#GLB.png","21#GLB.png","26#GLB.png","31#GLB.png","36#GLB.png","41#GLB.png","46#GLB.png","51#GLB.png","56#GLB.png","61#GLB.png","66#GLB.png","71#GLB.png","76#GLB.png","81#GLB.png","86#GLB.png","91#GLB.png"],"blendshape_list":["Fcl_ALL_Neutral","Fcl_ALL_Angry","Fcl_ALL_Fun","Fcl_ALL_Joy","Fcl_ALL_Sorrow","Fcl_ALL_Surprised","Fcl_BRW_Angry","Fcl_BRW_Fun","Fcl_BRW_Joy","Fcl_BRW_Sorrow","Fcl_BRW_Surprised","Fcl_EYE_Natural","Fcl_EYE_Angry","Fcl_EYE_Close","Fcl_EYE_Close_R","Fcl_EYE_Close_L","Fcl_EYE_Fun","Fcl_EYE_Joy","Fcl_EYE_Joy_R","Fcl_EYE_Joy_L","Fcl_EYE_Sorrow","Fcl_EYE_Surprised","Fcl_EYE_Spread","Fcl_EYE_Iris_Hide","Fcl_EYE_Highlight_Hide","Fcl_MTH_Close","Fcl_MTH_Up","Fcl_MTH_Down","Fcl_MTH_Angry","Fcl_MTH_Small","Fcl_MTH_Large","Fcl_MTH_Neutral","Fcl_MTH_Fun","Fcl_MTH_Joy","Fcl_MTH_Sorrow","Fcl_MTH_Surprised","Fcl_MTH_SkinFung","Fcl_MTH_SkinFung_R","Fcl_MTH_SkinFung_L","Fcl_MTH_A","Fcl_MTH_I","Fcl_MTH_U","Fcl_MTH_E","Fcl_MTH_O","Fcl_HA_Hide","Fcl_HA_Fung1","Fcl_HA_Fung1_Low","Fcl_HA_Fung1_Up","Fcl_HA_Fung2","Fcl_HA_Fung2_Low","Fcl_HA_Fung2_Up","Fcl_HA_Fung3","Fcl_HA_Fung3_Up","Fcl_HA_Fung3_Low","Fcl_HA_Short","Fcl_HA_Short_Up","Fcl_HA_Short_Low"],"blendshape_value":{"Fcl_ALL_Neutral":0,"Fcl_ALL_Angry":0,"Fcl_ALL_Fun":0,"Fcl_ALL_Joy":0,"Fcl_ALL_Sorrow":0,"Fcl_ALL_Surprised":0,"Fcl_BRW_Angry":0,"Fcl_BRW_Fun":0,"Fcl_BRW_Joy":0,"Fcl_BRW_Sorrow":0,"Fcl_BRW_Surprised":0,"Fcl_EYE_Natural":0,"Fcl_EYE_Angry":0,"Fcl_EYE_Close":0,"Fcl_EYE_Close_R":0,"Fcl_EYE_Close_L":0,"Fcl_EYE_Fun":0,"Fcl_EYE_Joy":0,"Fcl_EYE_Joy_R":0,"Fcl_EYE_Joy_L":0,"Fcl_EYE_Sorrow":0,"Fcl_EYE_Surprised":0,"Fcl_EYE_Spread":0,"Fcl_EYE_Iris_Hide":0,"Fcl_EYE_Highlight_Hide":0,"Fcl_MTH_Close":0,"Fcl_MTH_Up":0,"Fcl_MTH_Down":0,"Fcl_MTH_Angry":0,"Fcl_MTH_Small":0,"Fcl_MTH_Large":0,"Fcl_MTH_Neutral":0,"Fcl_MTH_Fun":0,"Fcl_MTH_Joy":0,"Fcl_MTH_Sorrow":0,"Fcl_MTH_Surprised":0,"Fcl_MTH_SkinFung":0,"Fcl_MTH_SkinFung_R":0,"Fcl_MTH_SkinFung_L":0,"Fcl_MTH_A":0,"Fcl_MTH_I":0,"Fcl_MTH_U":0,"Fcl_MTH_E":0,"Fcl_MTH_O":0,"Fcl_HA_Hide":0,"Fcl_HA_Fung1":0,"Fcl_HA_Fung1_Low":0,"Fcl_HA_Fung1_Up":0,"Fcl_HA_Fung2":0,"Fcl_HA_Fung2_Low":0,"Fcl_HA_Fung2_Up":0,"Fcl_HA_Fung3":0,"Fcl_HA_Fung3_Up":0,"Fcl_HA_Fung3_Low":0,"Fcl_HA_Short":0,"Fcl_HA_Short_Up":0,"Fcl_HA_Short_Low":0}}